ID, World, Time (Seconds), Distance (Meters)
0,granny,2075.13156914711,618.1231597236325
1,granny,2141.6251378059387,642.1699386339828
2,granny,2152.9258790016174,650.6320218648232
