ID, World, Time (Seconds), Distance (Meters)
0,granny,358.4686977863312,112.3545794848979
1,granny,351.50663709640503,102.57762462218979
2,granny,338.492146730423,94.78850942102753
3,granny,350.5111811161041,98.72526060492697
4,granny,331.51088762283325,89.2795817946606
