ID, World, Time (Seconds), Distance (Meters)
0,granny,111.15275430679321,33.406436300054054
1,granny,105.14200043678284,30.768457578976204
2,granny,107.13811922073364,33.8176641674961
3,granny,107.13350248336792,30.779690837549143
4,granny,80.11288452148438,18.356162301039184
