ID, World, Time (Seconds), Distance (Meters)
0,granny,335.46255898475647,99.612364963008
1,granny,324.4370069503784,97.6155238470488
2,granny,355.50882863998413,105.29816859508772
3,granny,331.51390981674194,103.78708039512652
4,granny,352.627277135849,109.25005916994131
