ID, World, Time (Seconds), Distance (Meters)
0,granny,117.14525032043457,38.04520620344009
1,granny,100.14178657531738,30.60355843837541
2,granny,113.13930773735046,34.8071591024794
3,granny,98.1276307106018,26.884560065749326
4,granny,112.14593625068665,33.44600466783491
