ID, World, Time (Seconds), Distance (Meters)
0,granny,1765.2115457057953,557.3690564112197
